States/UTs,Year,Values,January,February,March,April,May,June,July,August,September,October,November,December,Total
Andhra Pradesh,2014,Road Accident_Cases,2021,1991,1973,2075,2048,1924,1694,2077,1770,1875,1719,1987,23154
Andhra Pradesh,2014,Railway Accident_Cases,110,89,126,123,154,138,121,152,125,103,114,111,1466
Andhra Pradesh,2014,Railway Crossing_Cases,1,0,1,0,0,0,0,1,0,0,0,0,3
Andhra Pradesh,2014,Total Traffic_Cases,2132,2080,2100,2198,2202,2062,1815,2230,1895,1978,1833,2098,24623
Arunachal Pradesh,2014,Road Accident_Cases,28,10,10,21,9,12,13,14,14,15,22,17,185
Arunachal Pradesh,2014,Railway Accident_Cases,0,0,0,0,0,0,0,0,0,0,0,0,0
Arunachal Pradesh,2014,Railway Crossing_Cases,0,0,0,0,0,0,0,0,0,0,0,0,0
Arunachal Pradesh,2014,Total Traffic_Cases,28,10,10,21,9,12,13,14,14,15,22,17,185
Assam,2014,Road Accident_Cases,658,615,689,612,566,531,573,528,460,670,638,604,7144
Assam,2014,Railway Accident_Cases,61,50,63,39,55,57,43,65,59,56,62,60,670
Assam,2014,Railway Crossing_Cases,0,0,1,0,0,0,0,4,0,0,4,2,11
Assam,2014,Total Traffic_Cases,719,665,753,651,621,588,616,597,519,726,704,666,7825
Bihar,2014,Road Accident_Cases,777,742,852,714,985,1002,757,662,685,720,829,806,9531
Bihar,2014,Railway Accident_Cases,32,32,55,52,54,81,53,53,49,48,53,39,601
Bihar,2014,Railway Crossing_Cases,36,29,44,39,51,60,39,40,39,32,31,41,481
Bihar,2014,Total Traffic_Cases,845,803,951,805,1090,1143,849,755,773,800,913,886,10613
Chhattisgarh,2014,Road Accident_Cases,1167,1110,1000,1020,1149,1051,934,877,910,1005,973,944,12140
Chhattisgarh,2014,Railway Accident_Cases,66,39,54,52,52,51,59,59,42,65,42,56,637
Chhattisgarh,2014,Railway Crossing_Cases,2,4,3,4,3,2,2,1,1,4,1,0,27
Chhattisgarh,2014,Total Traffic_Cases,1235,1153,1057,1076,1204,1104,995,937,953,1074,1016,1000,12804
Goa,2014,Road Accident_Cases,433,359,349,349,367,354,322,324,285,312,354,422,4230
Goa,2014,Railway Accident_Cases,3,1,2,1,3,2,1,5,1,4,3,1,27
Goa,2014,Railway Crossing_Cases,2,1,0,1,1,0,0,0,1,0,1,0,7
Goa,2014,Total Traffic_Cases,438,361,351,351,371,356,323,329,287,316,358,423,4264
Gujarat,2014,Road Accident_Cases,2023,1978,2039,1846,2127,1988,1673,1633,1506,1817,1678,1844,22152
Gujarat,2014,Railway Accident_Cases,102,105,95,88,100,114,82,101,97,91,86,92,1153
Gujarat,2014,Railway Crossing_Cases,2,2,0,3,2,2,4,2,2,2,2,4,27
Gujarat,2014,Total Traffic_Cases,2127,2085,2134,1937,2229,2104,1759,1736,1605,1910,1766,1940,23332
Haryana,2014,Road Accident_Cases,892,881,963,911,939,906,955,916,871,891,962,956,11043
Haryana,2014,Railway Accident_Cases,128,45,53,62,75,46,38,93,136,253,193,239,1361
Haryana,2014,Railway Crossing_Cases,0,2,1,0,2,2,2,2,1,0,1,0,13
Haryana,2014,Total Traffic_Cases,1020,928,1017,973,1016,954,995,1011,1008,1144,1156,1195,12417
Himachal Pradesh,2014,Road Accident_Cases,246,191,260,234,289,295,292,329,272,302,313,302,3325
Himachal Pradesh,2014,Railway Accident_Cases,0,0,0,0,0,0,0,0,0,0,0,0,0
Himachal Pradesh,2014,Railway Crossing_Cases,0,0,0,0,0,0,0,0,0,0,0,0,0
Himachal Pradesh,2014,Total Traffic_Cases,246,191,260,234,289,295,292,329,272,302,313,302,3325
Jammu & Kashmir,2014,Road Accident_Cases,414,415,424,433,506,594,563,515,415,544,517,438,5778
Jammu & Kashmir,2014,Railway Accident_Cases,6,5,3,2,3,11,5,2,7,3,2,3,52
Jammu & Kashmir,2014,Railway Crossing_Cases,0,0,0,0,0,0,0,0,0,0,0,0,0
Jammu & Kashmir,2014,Total Traffic_Cases,420,420,427,435,509,605,568,517,422,547,519,441,5830
Jharkhand,2014,Road Accident_Cases,399,434,418,425,454,414,391,384,341,419,373,453,4905
Jharkhand,2014,Railway Accident_Cases,17,21,14,21,25,25,27,43,17,42,55,48,355
Jharkhand,2014,Railway Crossing_Cases,0,0,0,0,0,0,0,0,0,9,22,23,54
Jharkhand,2014,Total Traffic_Cases,416,455,432,446,479,439,418,427,358,470,450,524,5314
Karnataka,2014,Road Accident_Cases,3915,3649,3805,3577,4053,3772,3421,3428,3254,3517,3442,3861,43694
Karnataka,2014,Railway Accident_Cases,2,1,5,1,3,5,0,5,3,2,5,4,36
Karnataka,2014,Railway Crossing_Cases,0,0,0,0,0,0,0,0,0,0,0,0,0
Karnataka,2014,Total Traffic_Cases,3917,3650,3810,3578,4056,3777,3421,3433,3257,3519,3447,3865,43730
Kerala,2014,Road Accident_Cases,3332,2909,3005,2785,3162,2805,2834,2913,2911,2911,2963,3342,35872
Kerala,2014,Railway Accident_Cases,29,22,40,21,32,40,22,25,42,33,27,35,368
Kerala,2014,Railway Crossing_Cases,3,4,3,3,2,2,6,1,11,5,2,2,44
Kerala,2014,Total Traffic_Cases,3364,2935,3048,2809,3196,2847,2862,2939,2964,2949,2992,3379,36284
Madhya Pradesh,2014,Road Accident_Cases,3375,3154,3470,3345,4107,3637,3104,2951,2946,3261,3288,3060,39698
Madhya Pradesh,2014,Railway Accident_Cases,142,136,168,146,186,209,175,182,157,158,141,126,1926
Madhya Pradesh,2014,Railway Crossing_Cases,6,7,11,11,13,9,14,9,15,8,9,11,123
Madhya Pradesh,2014,Total Traffic_Cases,3523,3297,3649,3502,4306,3855,3293,3142,3118,3427,3438,3197,41747
Maharashtra,2014,Road Accident_Cases,3978,3714,3920,3847,4258,3784,3546,3450,3298,3291,3478,3818,44382
Maharashtra,2014,Railway Accident_Cases,654,591,650,651,712,741,605,679,723,671,650,642,7969
Maharashtra,2014,Railway Crossing_Cases,1,0,2,1,2,1,2,0,3,3,1,2,18
Maharashtra,2014,Total Traffic_Cases,4633,4305,4572,4499,4972,4526,4153,4129,4024,3965,4129,4462,52369
Manipur,2014,Road Accident_Cases,61,59,66,59,62,49,49,53,73,72,59,73,735
Manipur,2014,Railway Accident_Cases,0,0,0,0,0,0,0,0,0,0,0,0,0
Manipur,2014,Railway Crossing_Cases,0,0,0,0,0,0,0,0,0,0,0,0,0
Manipur,2014,Total Traffic_Cases,61,59,66,59,62,49,49,53,73,72,59,73,735
Meghalaya,2014,Road Accident_Cases,30,27,20,25,27,28,29,24,26,22,19,24,301
Meghalaya,2014,Railway Accident_Cases,0,0,0,0,0,0,0,0,0,0,0,0,0
Meghalaya,2014,Railway Crossing_Cases,0,0,0,0,0,0,0,0,0,0,0,0,0
Meghalaya,2014,Total Traffic_Cases,30,27,20,25,27,28,29,24,26,22,19,24,301
Mizoram,2014,Road Accident_Cases,10,6,15,10,11,4,10,5,6,3,7,8,95
Mizoram,2014,Railway Accident_Cases,0,0,0,0,0,0,0,0,0,0,0,0,0
Mizoram,2014,Railway Crossing_Cases,0,0,0,0,0,0,0,0,0,0,0,0,0
Mizoram,2014,Total Traffic_Cases,10,6,15,10,11,4,10,5,6,3,7,8,95
Nagaland,2014,Road Accident_Cases,3,2,2,4,2,0,1,3,0,4,0,7,28
Nagaland,2014,Railway Accident_Cases,1,0,1,2,1,1,0,3,0,1,1,0,11
Nagaland,2014,Railway Crossing_Cases,0,0,0,0,0,0,0,0,0,0,0,0,0
Nagaland,2014,Total Traffic_Cases,4,2,3,6,3,1,1,6,0,5,1,7,39
Odisha,2014,Road Accident_Cases,896,826,851,726,852,828,756,693,660,776,854,922,9640
Odisha,2014,Railway Accident_Cases,21,24,28,19,17,19,20,16,20,22,22,18,246
Odisha,2014,Railway Crossing_Cases,9,10,6,11,13,19,12,15,8,6,9,10,128
Odisha,2014,Total Traffic_Cases,926,860,885,756,882,866,788,724,688,804,885,950,10014
Punjab,2014,Road Accident_Cases,495,493,555,524,563,535,491,519,489,568,595,564,6391
Punjab,2014,Railway Accident_Cases,85,64,88,87,99,102,112,89,89,98,62,72,1047
Punjab,2014,Railway Crossing_Cases,1,0,0,1,0,1,0,1,0,0,0,0,4
Punjab,2014,Total Traffic_Cases,581,557,643,612,662,638,603,609,578,666,657,636,7442
Rajasthan,2014,Road Accident_Cases,2143,1951,2130,2053,2484,2213,1976,1888,1839,2035,2104,1823,24639
Rajasthan,2014,Railway Accident_Cases,48,56,62,59,76,97,67,67,47,64,57,34,734
Rajasthan,2014,Railway Crossing_Cases,2,2,0,3,5,2,1,2,2,2,0,3,24
Rajasthan,2014,Total Traffic_Cases,2193,2009,2192,2115,2565,2312,2044,1957,1888,2101,2161,1860,25397
Sikkim,2014,Road Accident_Cases,9,6,15,13,13,11,14,11,19,6,9,4,130
Sikkim,2014,Railway Accident_Cases,0,0,0,0,0,0,0,0,0,0,0,0,0
Sikkim,2014,Railway Crossing_Cases,0,0,0,0,0,0,0,0,0,0,0,0,0
Sikkim,2014,Total Traffic_Cases,9,6,15,13,13,11,14,11,19,6,9,4,130
Tamil Nadu,2014,Road Accident_Cases,5658,5293,5824,5303,5711,5915,5719,5936,5777,5516,5036,5562,67250
Tamil Nadu,2014,Railway Accident_Cases,148,159,152,160,164,157,171,148,147,144,143,152,1845
Tamil Nadu,2014,Railway Crossing_Cases,0,0,0,0,0,0,0,0,0,0,0,0,0
Tamil Nadu,2014,Total Traffic_Cases,5806,5452,5976,5463,5875,6072,5890,6084,5924,5660,5179,5714,69095
Telangana,2014,Road Accident_Cases,1788,1666,1668,1507,1938,1740,1473,1510,1455,1535,1627,2171,20078
Telangana,2014,Railway Accident_Cases,1,0,0,0,0,0,0,0,1,0,0,1,3
Telangana,2014,Railway Crossing_Cases,95,89,87,81,85,95,96,99,91,96,68,79,1061
Telangana,2014,Total Traffic_Cases,1884,1755,1755,1588,2023,1835,1569,1609,1547,1631,1695,2251,21142
Tripura,2014,Road Accident_Cases,65,74,81,63,72,46,64,53,54,60,38,46,716
Tripura,2014,Railway Accident_Cases,0,0,0,0,0,0,0,0,0,0,0,0,0
Tripura,2014,Railway Crossing_Cases,0,0,0,0,0,0,0,0,0,0,0,0,0
Tripura,2014,Total Traffic_Cases,65,74,81,63,72,46,64,53,54,60,38,46,716
Uttar Pradesh,2014,Road Accident_Cases,2550,2311,2217,2067,2265,2209,2086,2017,1824,2023,2170,2325,26064
Uttar Pradesh,2014,Railway Accident_Cases,373,310,331,297,359,386,360,333,331,312,324,290,4006
Uttar Pradesh,2014,Railway Crossing_Cases,35,35,40,17,29,34,37,24,29,25,17,37,359
Uttar Pradesh,2014,Total Traffic_Cases,2958,2656,2588,2381,2653,2629,2483,2374,2184,2360,2511,2652,30429
Uttarakhand,2014,Road Accident_Cases,58,43,65,64,77,62,61,72,69,83,76,71,801
Uttarakhand,2014,Railway Accident_Cases,2,4,6,5,3,4,1,2,2,3,2,1,35
Uttarakhand,2014,Railway Crossing_Cases,1,2,3,3,0,4,2,1,2,1,1,0,20
Uttarakhand,2014,Total Traffic_Cases,61,49,74,72,80,70,64,75,73,87,79,72,856
West Bengal,2014,Road Accident_Cases,1516,1398,1473,1385,1527,1439,1416,1356,1391,1395,1415,1394,17105
West Bengal,2014,Railway Accident_Cases,230,215,222,247,243,286,273,266,243,263,193,214,2895
West Bengal,2014,Railway Crossing_Cases,17,13,9,16,6,12,13,9,7,15,8,6,131
West Bengal,2014,Total Traffic_Cases,1763,1626,1704,1648,1776,1737,1702,1631,1641,1673,1616,1614,20131
A & N Islands,2014,Road Accident_Cases,25,13,19,19,18,15,15,16,15,23,18,22,218
A & N Islands,2014,Railway Accident_Cases,0,0,0,0,0,0,0,0,0,0,0,0,0
A & N Islands,2014,Railway Crossing_Cases,0,0,0,0,0,0,0,0,0,0,0,0,0
A & N Islands,2014,Total Traffic_Cases,25,13,19,19,18,15,15,16,15,23,18,22,218
Chandigarh,2014,Road Accident_Cases,35,22,31,40,32,25,22,32,38,31,28,30,366
Chandigarh,2014,Railway Accident_Cases,0,0,0,0,0,0,0,0,0,0,0,0,0
Chandigarh,2014,Railway Crossing_Cases,0,0,0,0,0,0,0,0,0,0,0,0,0
Chandigarh,2014,Total Traffic_Cases,35,22,31,40,32,25,22,32,38,31,28,30,366
D&N Haveli,2014,Road Accident_Cases,6,7,7,10,9,4,8,7,7,8,8,6,87
D&N Haveli,2014,Railway Accident_Cases,0,0,0,0,0,0,0,0,0,0,0,0,0
D&N Haveli,2014,Railway Crossing_Cases,0,0,0,0,0,0,0,0,0,0,0,0,0
D&N Haveli,2014,Total Traffic_Cases,6,7,7,10,9,4,8,7,7,8,8,6,87
Daman & Diu,2014,Road Accident_Cases,6,4,3,3,2,2,0,5,1,5,2,6,39
Daman & Diu,2014,Railway Accident_Cases,0,0,0,0,0,0,0,0,0,0,0,0,0
Daman & Diu,2014,Railway Crossing_Cases,0,0,0,0,0,0,0,0,0,0,0,0,0
Daman & Diu,2014,Total Traffic_Cases,6,4,3,3,2,2,0,5,1,5,2,6,39
Delhi UT,2014,Road Accident_Cases,643,698,801,632,661,658,624,744,742,687,720,700,8310
Delhi UT,2014,Railway Accident_Cases,67,67,85,76,71,80,81,85,77,86,81,58,914
Delhi UT,2014,Railway Crossing_Cases,1,1,2,1,1,1,1,1,1,0,1,0,11
Delhi UT,2014,Total Traffic_Cases,711,766,888,709,733,739,706,830,820,773,802,758,9235
Lakshadweep,2014,Road Accident_Cases,0,0,0,0,0,0,0,0,0,1,0,0,1
Lakshadweep,2014,Railway Accident_Cases,0,0,0,0,0,0,0,0,0,0,0,0,0
Lakshadweep,2014,Railway Crossing_Cases,0,0,0,0,0,0,0,0,0,0,0,0,0
Lakshadweep,2014,Total Traffic_Cases,0,0,0,0,0,0,0,0,0,1,0,0,1
Puducherry,2014,Road Accident_Cases,44,64,65,46,59,57,60,58,62,75,44,37,671
Puducherry,2014,Railway Accident_Cases,0,0,0,1,0,1,0,0,0,0,0,1,3
Puducherry,2014,Railway Crossing_Cases,0,0,0,0,0,0,0,0,0,0,0,1,1
Puducherry,2014,Total Traffic_Cases,44,64,65,47,59,58,60,58,62,75,44,39,675
Total (States),2014,Road Accident_Cases,38940,36307,38159,35997,40623,38148,35217,35141,33620,35648,35558,37848,441206
Total (States),2014,Railway Accident_Cases,2261,1969,2218,2135,2416,2572,2235,2388,2338,2436,2237,2238,27443
Total (States),2014,Railway Crossing_Cases,213,200,211,194,214,245,230,211,212,208,177,220,2535
Total (States),2014,Total Traffic_Cases,41414,38476,40588,38326,43253,40965,37682,37740,36170,38292,37972,40306,471184
Total (UTs),2014,Road Accident_Cases,759,808,926,750,781,761,729,862,865,830,820,801,9692
Total (UTs),2014,Railway Accident_Cases,67,67,85,77,71,81,81,85,77,86,81,59,917
Total (UTs),2014,Railway Crossing_Cases,1,1,2,1,1,1,1,1,1,0,1,1,12
Total (UTs),2014,Total Traffic_Cases,827,876,1013,828,853,843,811,948,943,916,902,861,10621
Total (All India),2014,Road Accident_Cases,39699,37115,39085,36747,41404,38909,35946,36003,34485,36478,36378,38649,450898
Total (All India),2014,Railway Accident_Cases,2328,2036,2303,2212,2487,2653,2316,2473,2415,2522,2318,2297,28360
Total (All India),2014,Railway Crossing_Cases,214,201,213,195,215,246,231,212,213,208,178,221,2547
Total (All India),2014,Total Traffic_Cases,42241,39352,41601,39154,44106,41808,38493,38688,37113,39208,38874,41167,481805
